{
    "loss": 0.29149213433265686,
    "accuracy": 0.8965517282485962
}