{
    "loss": 0.12041428685188293,
    "accuracy": 0.9655172228813171
}