{
    "loss": 0.26224416494369507,
    "accuracy": 0.9137930870056152
}