{
    "loss": 0.3874259889125824,
    "accuracy": 0.8620689511299133
}