{
    "loss": 0.28095412254333496,
    "accuracy": 0.8965517282485962
}